front,phonetic,translation,sentence,sentence_translation
"Hij heeft een snelle auto.", "hy heeft ayn snelle auto", "Dia memiliki mobil yang cepat.", "Zijn auto kan heel snel gaan.", "Mobilnya bisa berjalan sangat cepat."
"Ik hou van dansen.", "ik how van dansen", "Saya suka menari.", "Dans is mijn favoriete hobby.", "Menari adalah hobi favorit saya."
"We gaan naar een feestje.", "we gaan nar ayn feestje", "Kita akan pergi ke pesta.", "Het feestje begint vanavond.", "Pestanya dimulai malam ini."
"Ik heb een interessant boek gelezen.", "ik heb ayn interes-sant book ge-lezen", "Saya telah membaca sebuah buku yang menarik.", "Het boek was vol met boeiende personages.", "Buku itu penuh dengan karakter yang menarik."
"Het is een mooie dag.", "het is ayn mooi-e dag", "Ini adalah hari yang indah.", "De zon schijnt fel vandaag.", "Matahari bersinar terang hari ini."
"Hij heeft een zus en een broer.", "hy heeft ayn zus en ayn broer", "Dia memiliki seorang saudara perempuan dan seorang saudara laki-laki.", "Zijn broer is ouder dan zijn zus.", "Saudara lakinya lebih tua dari saudara perempuannya."
"Ze houdt van lezen.", "ze howd van lezen", "Dia suka membaca.", "Ze leest elke dag een nieuw boek.", "Dia membaca buku baru setiap hari."
"Ik ga op vakantie.", "ik ga op vakan-tie", "Saya akan berlibur.", "Mijn vakantie begint volgende week.", "Liburan saya dimulai minggu depan."
"We hebben een leuke dag gehad.", "we hebben ayn leuk-e dag gehad", "Kami telah menghabiskan hari yang menyenangkan.", "De dag was gevuld met veel activiteiten.", "Hari itu dipenuhi dengan banyak aktivitas."
"Ik heb mijn sleutels verloren.", "ik heb meyn sleutels ver-loren", "Saya telah kehilangan kunci saya.", "Ik kan mijn sleutels nergens vinden.", "Saya tidak dapat menemukan kunci saya di mana-mana."
"Hij is een goede vriend van me.", "hy is ayn goede vriend van me", "Dia adalah teman baik saya.", "We hebben veel samen meegemaakt.", "Kami telah melewati banyak hal bersama."
"Ze gaat naar de markt.", "ze gaat nar de markt", "Dia akan pergi ke pasar.", "Ze koopt altijd verse groenten op de markt.", "Dia selalu membeli sayuran segar di pasar."
"Ik ben moe.", "ik ben moe", "Saya lelah.", "Ik heb een lange dag gehad.", "Saya telah menjalani hari yang panjang."
"Het is een spannend boek.", "het is ayn span-nend book", "Ini adalah buku yang menarik.", "Ik kan het boek niet wegleggen.", "Saya tidak bisa meletakkan buku ini."
"We gaan wandelen in het bos.", "we gaan wan-delen in het bos", "Kita akan berjalan-jalan di hutan.", "Het bos is vol met prachtige natuur.", "Hutan itu penuh dengan alam yang indah."
"Ik heb een heerlijke pizza gegeten.", "ik heb ayn heer-lijke pizza ge-eten", "Saya telah makan pizza yang lezat.", "De pizza was vers uit de oven.", "Pizzanya baru keluar dari oven."
"Hij houdt van voetbal.", "hy howd van voetbal", "Dia suka sepak bola.", "Hij speelt elk weekend voetbal.", "Dia bermain sepak bola setiap akhir pekan."
"Ze gaat naar de bibliotheek.", "ze gaat nar de bibliotheek", "Dia akan pergi ke perpustakaan.", "Ze leent vaak boeken uit de bibliotheek.", "Dia sering meminjam buku dari perpustakaan."
"Ik moet naar de dokter.", "ik moet nar de dokter", "Saya harus pergi ke dokter.", "Ik voel me niet zo goed vandaag.", "Saya merasa tidak begitu baik hari ini."
"We hebben een kat genaamd Mia.", "we hebben ayn kat ge-naamd Mia", "Kami memiliki seekor kucing bernama Mia.", "Mia is de liefste kat.", "Mia adalah kucing yang paling manis."
"Ik heb gisteren een film gekeken.", "ik heb gis-teren ayn film ge-keken", "Saya menonton film kemarin.", "De film was zeer ontroerend.", "Filmnya sangat mengharukan."
"Hij heeft een nieuwe fiets.", "hy heeft ayn niew-uh fiets", "Dia memiliki sepeda baru.", "Hij fietst elke dag naar zijn werk.", "Dia bersepeda ke tempat kerjanya setiap hari."
"Ze woont in Amsterdam.", "ze woont in Amsterdam", "Dia tinggal di Amsterdam.", "Amsterdam is een prachtige stad.", "Amsterdam adalah kota yang indah."
"Ik ga naar de supermarkt.", "ik ga nar de supermarkt", "Saya akan pergi ke supermarket.", "Ik moet wat boodschappen doen.", "Saya harus belanja beberapa barang."
"Het is tijd om te eten.", "het is tyd om te eten", "Saatnya makan.", "Het eten is al klaar.", "Makanannya sudah siap."
"We gaan op reis.", "we gaan op reis", "Kami akan pergi berpergian.", "Ik kijk uit naar onze reis.", "Saya menantikan perjalanan kami."
"Ik heb een kopje koffie gedronken.", "ik heb ayn kopje koffie ge-dronken", "Saya telah minum secangkir kopi.", "De koffie was erg sterk.", "Kopinya sangat kuat."
"Hij heeft bruine ogen.", "hy heeft bruine ogen", "Dia memiliki mata coklat.", "Zijn ogen zijn dezelfde kleur als chocolade.", "Matanya berwarna sama seperti cokelat."
"Ze heeft een nieuwe jurk gekocht.", "ze heeft ayn niew-uh jurk ge-kocht", "Dia membeli gaun baru.", "De jurk past perfect bij haar.", "Gaun itu cocok sempurna padanya."
"Ik houd van deze plek.", "ik howd van deze plek", "Saya suka tempat ini.", "Het uitzicht hier is adembenemend.", "Pemandangannya di sini mengambil nafas."
"We hebben samen geluncht.", "we hebben sa-men ge-luncht", "Kami telah makan siang bersama.", "De lunch was heerlijk.", "Makan siangnya sangat lezat."
"Ik heb een nieuwe telefoon.", "ik heb ayn niew-uh telefoon", "Saya memiliki telepon baru.", "Mijn oude telefoon was kapot.", "Telepon lama saya rusak."
"Hij woont in een groot huis.", "hy woont in ayn groot huis", "Dia tinggal di sebuah rumah besar.", "Het huis heeft een prachtige tuin.", "Rumah itu memiliki taman yang indah."
"Ze is naar school.", "ze is nar school", "Dia sedang di sekolah.", "Ze heeft vandaag een examen.", "Dia memiliki ujian hari ini."
"Ik ga naar bed.", "ik ga nar bed", "Saya akan tidur.", "Ik ben erg moe vandaag.", "Saya sangat lelah hari ini."
"Het is een prachtige nacht.", "het is ayn prach-tige nacht", "Ini adalah malam yang indah.", "De sterren zijn vanavond helder.", "Bintang-bintang malam ini cerah."
"We gaan naar het park.", "we gaan nar het park", "Kita akan pergi ke taman.", "Er is een speeltuin in het park.", "Ada taman bermain di taman itu."
"Ik heb een verjaardagsfeestje.", "ik heb ayn ver-jaar-dags-feestje", "Saya memiliki pesta ulang tahun.", "Ik ben vandaag jarig.", "Hari ini adalah ulang tahun saya."
"Hij heeft een hond.", "hy heeft ayn hond", "Dia memiliki seekor anjing.", "Zijn hond is erg vriendelijk.", "Anjingnya sangat ramah."
"Ze maakt het avondeten.", "ze maakt het avond-eten", "Dia sedang memasak makan malam.", "Ze is een uitstekende kok.", "Dia adalah koki yang luar biasa."
"Ik ga naar de sportschool.", "ik ga nar de sportschool", "Saya akan pergi ke gym.", "Ik probeer elke dag te sporten.", "Saya mencoba berolahraga setiap hari."
"We hebben een tuin.", "we hebben ayn tuin", "Kami memiliki taman.", "De tuin staat vol met bloemen.", "Taman itu penuh dengan bunga."
"Ik heb een nieuwe baan.", "ik heb ayn niew-uh baan", "Saya memiliki pekerjaan baru.", "Ik begin volgende week met mijn nieuwe baan.", "Saya akan mulai bekerja di pekerjaan baru saya minggu depan."
"Hij is naar het museum.", "hy is nar het museum", "Dia pergi ke museum.", "Hij houdt van kunst.", "Dia suka seni."
"Ze speelt piano.", "ze speelt piano", "Dia bermain piano.", "Ze heeft vandaag piano geoefend.", "Dia berlatih piano hari ini."
"Ik ga naar de bioscoop.", "ik ga nar de bioscoop", "Saya akan pergi ke bioskop.", "Er draait vandaag een goede film.", "Ada film bagus yang diputar hari ini."
"We maken een wandeling.", "we maken ayn wan-deling", "Kami akan berjalan-jalan.", "Het weer is perfect voor een wandeling.", "Cuacanya sempurna untuk berjalan-jalan."
"Het is koud buiten.", "het is koud buiten", "Dingin di luar.", "Ik moet mijn jas aandoen.", "Saya harus memakai jaket saya."
"Ik heb een heerlijke taart gebakken.", "ik heb ayn heer-lijke taart ge-bakken", "Saya telah memanggang kue yang lezat.", "De taart is vers uit de oven.", "Kuenya baru saja keluar dari oven."
"Hij leest een krant.", "hy leest ayn krant", "Dia sedang membaca koran.", "Hij leest elke dag de krant.", "Dia membaca koran setiap hari."
"Ze schildert een portret.", "ze schildert ayn portret", "Dia sedang melukis potret.", "Ze is een getalenteerde schilder.", "Dia adalah pelukis yang berbakat."
"Ik drink een kopje thee.", "ik drink ayn kopje thee", "Saya sedang minum secangkir teh.", "De thee is heerlijk warm.", "Tehnya hangat dan enak."
"We spelen een spel.", "we spelen ayn spel", "Kami sedang bermain permainan.", "Het spel is erg leuk.", "Permainannya sangat menyenangkan."
"Ik schrijf een brief.", "ik schrijf ayn brief", "Saya sedang menulis surat.", "Ik schrijf een brief aan mijn vriend.", "Saya sedang menulis surat kepada teman saya."
"Hij heeft een lange dag gehad.", "hy heeft ayn lange dag gehad", "Dia telah menghabiskan hari yang panjang.", "Hij is nu erg moe.", "Dia sekarang sangat lelah."
"Ze speelt gitaar.", "ze speelt gitaar", "Dia bermain gitar.", "Ze speelt elke dag gitaar.", "Dia bermain gitar setiap hari."
"We gaan naar het strand.", "we gaan nar het strand", "Kami pergi ke pantai.", "Het is een perfecte dag voor het strand.", "Ini adalah hari yang sempurna untuk pergi ke pantai."
"Ik heb een boek geschreven.", "ik heb ayn book ge-schreven", "Saya telah menulis sebuah buku.", "Het boek wordt volgende maand gepubliceerd.", "Buku itu akan diterbitkan bulan depan."
"Hij neemt een bad.", "hy neemt ayn bad", "Dia sedang mandi.", "Hij houdt van een warm bad.", "Dia suka mandi air hangat."
"Ze is aan het winkelen.", "ze is an het winkelen", "Dia sedang berbelanja.", "Ze houdt van winkelen in het weekend.", "Dia suka berbelanja di akhir pekan."
"Ik heb een vriend uit Indonesië.", "ik heb ayn vriend out Indonesië", "Saya memiliki teman dari Indonesia.", "We ontmoetten elkaar tijdens een reis.", "Kami bertemu saat dalam perjalanan."
"We hebben vandaag gepicknickt.", "we hebben van-daag ge-pick-nickt", "Kami piknik hari ini.", "We hadden veel plezier bij de picknick.", "Kami sangat menikmati piknik tersebut."
"Hij is aan het hardlopen.", "hy is an het hardlopen", "Dia sedang berlari.", "Hij doet aan ochtendjoggen.", "Dia biasa lari pagi."
"Ze is aan het koken.", "ze is an het koken", "Dia sedang memasak.", "Ze bereidt het diner voor.", "Dia sedang menyiapkan makan malam."
"Ik ga naar de universiteit.", "ik ga nar de universiteit", "Saya pergi ke universitas.", "Ik studeer geneeskunde aan de universiteit.", "Saya sedang belajar kedokteran di universitas."
"We hebben een gezellige avond.", "we hebben ayn gezel-lige avond", "Kami menghabiskan malam yang menyenangkan.", "We kijken samen naar een film.", "Kami menonton film bersama."
"Hij luistert naar muziek.", "hy luistert nar muziek", "Dia sedang mendengarkan musik.", "Hij houdt van klassieke muziek.", "Dia suka musik klasik."
"Ze is aan het studeren.", "ze is an het studeren", "Dia sedang belajar.", "Ze bereidt zich voor op haar examens.", "Dia sedang mempersiapkan diri untuk ujian."
"Ik ga fietsen.", "ik ga fietsen", "Saya akan bersepeda.", "Ik fiets graag in het park.", "Saya suka bersepeda di taman."
"We gaan naar de dierentuin.", "we gaan nar de dierentuin", "Kami akan pergi ke kebun binatang.", "We kijken uit naar de olifanten.", "Kami tidak sabar melihat gajah."
"Ze werkt in een ziekenhuis.", "ze werkt in ayn ziekenhuis", "Dia bekerja di rumah sakit.", "Ze is een zeer toegewijde verpleegster.", "Dia adalah perawat yang sangat berdedikasi."
"We gaan naar een concert.", "we gaan nar ayn concert", "Kami akan pergi ke konser.", "De band die speelt is onze favoriet.", "Band yang tampil adalah favorit kami."
"Ik lees een roman.", "ik lees ayn roman", "Saya sedang membaca sebuah novel.", "Deze roman is erg boeiend.", "Novel ini sangat menarik."
"Hij zwemt in het meer.", "hy zwemt in het meer", "Dia sedang berenang di danau.", "Het meerwater is verfrissend.", "Air danau sangat menyegarkan."
"Ze kijkt naar een film.", "ze kijkt nar ayn film", "Dia sedang menonton film.", "Ze kijkt naar een romantische film.", "Dia sedang menonton film romantis."
"Ik heb een huisdier.", "ik heb ayn huisdier", "Saya memiliki hewan peliharaan.", "Mijn hond is erg speels.", "Anjing saya sangat lincah."
"We reizen naar Bali.", "we reizen nar Bali", "Kami akan bepergian ke Bali.", "We kijken uit naar de prachtige stranden van Bali.", "Kami tidak sabar melihat pantai-pantai indah di Bali."
"Hij speelt voetbal.", "hy speelt voetbal", "Dia bermain sepak bola.", "Hij is een getalenteerde voetballer.", "Dia adalah pemain sepak bola yang berbakat."
"Ze maakt een tekening.", "ze maakt ayn tekening", "Dia sedang membuat gambar.", "Ze is erg creatief.", "Dia sangat kreatif."
"Ik zing een lied.", "ik zing ayn lied", "Saya sedang menyanyikan lagu.", "Ik oefen voor het komende concert.", "Saya sedang berlatih untuk konser yang akan datang."
"We planten bomen.", "we planten bomen", "Kami menanam pohon.", "We doen ons best om de natuur te helpen.", "Kami berusaha membantu alam."
"Hij speelt schaak.", "hy speelt schaak", "Dia bermain catur.", "Hij is de kampioen in onze schaakclub.", "Dia adalah juara di klub catur kami."
"Ze leert Spaans.", "ze leert Spaans", "Dia sedang belajar bahasa Spanyol.", "Ze wil naar Spanje reizen volgend jaar.", "Dia ingin bepergian ke Spanyol tahun depan."
"Ik eet een appel.", "ik eet ayn appel", "Saya sedang makan apel.", "Ik probeer gezond te eten.", "Saya berusaha makan sehat."
"We spelen een bordspel.", "we spelen ayn bordspel", "Kami sedang bermain permainan papan.", "Monopoly is ons favoriete bordspel.", "Monopoli adalah permainan papan favorit kami."
"Hij leest de krant.", "hy leest de krant", "Dia sedang membaca koran.", "Hij leest elke ochtend de krant bij het ontbijt.", "Dia membaca koran setiap pagi saat sarapan."
"Ik speel gitaar.", "ik speel gitaar", "Saya sedang bermain gitar.", "Ik oefen elke avond gitaar.", "Saya berlatih gitar setiap malam."
"We kijken naar de zonsondergang.", "we kijken nar de zonsondergang", "Kami sedang menonton matahari terbenam.", "De zonsondergang is prachtig op het strand.", "Matahari terbenam sangat indah di pantai."
"Hij schrijft een brief.", "hy schrijft ayn brief", "Dia sedang menulis surat.", "Hij schrijft een brief aan zijn grootmoeder.", "Dia sedang menulis surat untuk neneknya."
"Ze rijdt paard.", "ze rijdt paard", "Dia sedang mengendarai kuda.", "Ze neemt elke week rijlessen.", "Dia mengambil pelajaran berkuda setiap minggu."
"Ik bak een taart.", "ik bak ayn taart", "Saya sedang membuat kue.", "Ik bak een appeltaart voor het dessert.", "Saya membuat kue apel untuk makan penutup."
"We bezoeken een geheime tuin.", "we bezoeken ayn geheime tuin", "Kami sedang mengunjungi taman rahasia.", "Er gaat een legende over deze geheime tuin.", "Ada legenda tentang taman rahasia ini."
"Hij ontdekt een oud manuscript.", "hy ontdekt ayn out manuscript", "Dia menemukan manuskrip kuno.", "Het oude manuscript bevat onbekende symbolen.", "Manuskrip kuno ini berisi simbol-simbol yang tidak dikenal."
"Ze vliegt met een luchtballon.", "ze vliegt met ayn luchtballon", "Dia sedang terbang dengan balon udara.", "Vanuit de luchtballon ziet ze het hele landschap.", "Dari balon udara, dia bisa melihat seluruh pemandangan."
"Ik verzamel zeldzame munten.", "ik verzamel zeldzame munten", "Saya mengumpulkan koin-koin langka.", "Deze zeldzame munt komt uit de 17e eeuw.", "Koin langka ini berasal dari abad ke-17."
"We volgen de kaart naar de schat.", "we volgen de kaart nar de schat", "Kami mengikuti peta menuju harta karun.", "De kaart leidt ons naar een verborgen grot.", "Peta ini membawa kami ke sebuah gua tersembunyi."
"Hij spreekt met de dieren.", "hy spreekt met de dieren", "Dia berbicara dengan hewan-hewan.", "Volgens het verhaal kan hij met dieren praten.", "Menurut cerita, dia bisa berbicara dengan hewan."
"Ze tekent in het zand.", "ze tekent in het zand", "Dia sedang menggambar di pasir.", "Ze tekent een groot hart in het zand.", "Dia menggambar sebuah hati besar di pasir."
"Ik maak een magische drank.", "ik maak ayn magische drank", "Saya sedang membuat ramuan ajaib.", "Deze drank kan iemand onzichtbaar maken.", "Ramuan ini bisa membuat seseorang menjadi tidak terlihat."
"We zoeken naar de verloren stad.", "we zoeken nar de verloren stad", "Kami sedang mencari kota yang hilang.", "De verloren stad is een mysterie dat we willen ontrafelen.", "Kota yang hilang adalah misteri yang ingin kami pecahkan."
"Hij bouwt een robot.", "hy bouwt ayn robot", "Dia sedang membuat robot.", "Zijn robot kan complexe taken uitvoeren.", "Robotnya bisa melakukan tugas-tugas yang kompleks."
"Ze danst in de regen.", "ze danst in de regen", "Dia sedang menari dalam hujan.", "Ze voelt zich vrij als ze in de regen danst.", "Dia merasa bebas saat menari dalam hujan."
"Ik schilder de sterrenhemel.", "ik schilder de sterrenhemel", "Saya sedang melukis langit berbintang.", "De sterrenhemel is mijn favoriete onderwerp om te schilderen.", "Langit berbintang adalah subjek favorit saya untuk dilukis."
"We ontdekken een nieuwe planeet.", "we ontdekken ayn nieuwe planeet", "Kami menemukan planet baru.", "De nieuwe planeet heeft een uniek klimaat.", "Planet baru ini memiliki iklim yang unik."
"Hij speelt een oud lied.", "hy speelt ayn out lied", "Dia sedang memainkan lagu lama.", "Het oude lied roept nostalgische gevoelens op.", "Lagu lama itu membangkitkan perasaan nostalgia."
"Ze droomt van vliegen.", "ze droomt van vliegen", "Dia bermimpi tentang terbang.", "In haar dromen vliegt ze over bergen en zeeën.", "Dalam mimpinya, dia terbang melewati gunung dan laut."
"Ik vertel een sprookje.", "ik vertel ayn sprookje", "Saya sedang menceritakan dongeng.", "Het sprookje gaat over een moedige prinses.", "Dongeng itu tentang seorang putri yang berani."
"We ontgrendelen een oud mysterie.", "we ontgrendelen ayn out mysterie", "Kami sedang membuka misteri kuno.", "Het oude mysterie heeft betrekking op een verdwenen beschaving.", "Misteri kuno ini berkaitan dengan peradaban yang telah hilang."
"Hij bevrijdt de draak.", "hy bevrijdt de draak", "Dia membebaskan naga.", "De draak is nu vrij om door de lucht te vliegen.", "Naga sekarang bebas untuk terbang di langit."
"Ze creëert een fantasiewereld.", "ze creëert ayn fantasiewereld", "Dia sedang menciptakan dunia fantasi.", "Haar fantasiewereld zit vol magische wezens.", "Dunia fantasi miliknya penuh dengan makhluk ajaib."
"Ik ontdek een geheime doorgang.", "ik ontdek ayn geheime doorgang", "Saya menemukan jalan rahasia.", "De geheime doorgang leidt naar een verborgen kamer.", "Jalan rahasia ini menuju ke ruangan tersembunyi."
"We navigeren door het labyrint.", "we navigeren door het labyrint", "Kami sedang menavigasi melalui labirin.", "Het labyrint is vol verrassingen en uitdagingen.", "Labirin ini penuh dengan kejutan dan tantangan."
"Hij decodeert de boodschap.", "hy decodeert de boodschap", "Dia sedang mendekode pesan.", "De boodschap komt van een onbekende bron.", "Pesan ini datang dari sumber yang tidak dikenal."
"Ze componeert een symfonie.", "ze componeert ayn symfonie", "Dia sedang menggubah simfoni.", "Haar symfonie is een meesterwerk van muzikale expressie.", "Simfoni miliknya adalah sebuah mahakarya ekspresi musik."
"We doorbreken de code.", "we doorbreken de code", "Kami sedang memecahkan kode.", "Het doorbreken van de code onthult een geheim bericht.", "Memecahkan kode ini mengungkapkan pesan rahasia."
"Hij plant een magische tuin.", "hy plant ayn magische tuin", "Dia sedang menanam taman ajaib.", "De magische tuin groeit met ongewone planten.", "Taman ajaib ini tumbuh dengan tanaman yang tidak biasa."
"Ze spreekt met de maan.", "ze spreekt met de maan", "Dia berbicara dengan bulan.", "Ze vraagt de maan om wijsheid in haar dromen.", "Dia meminta bulan untuk memberikan kebijaksanaan dalam mimpinya."
"Ik zing een lied voor de sterren.", "ik zing ayn lied voor de sterren", "Saya sedang menyanyikan lagu untuk bintang-bintang.", "Mijn lied weerklinkt in de stille nacht.", "Lagu saya bergema di malam yang sunyi."
"We vinden een verborgen waterval.", "we vinden ayn verborgen waterval", "Kami menemukan air terjun tersembunyi.", "De verborgen waterval is een wonder van de natuur.", "Air terjun tersembunyi ini adalah keajaiban dari alam."
"Hij leest de sterrenbeelden.", "hy leest de sterrenbeelden", "Dia sedang membaca zodiak.", "De sterrenbeelden vertellen verhalen uit de oudheid.", "Zodiak menceritakan kisah-kisah dari zaman dahulu."
"Ze bouwt een zandkasteel.", "ze bouwt ayn zandkasteel", "Dia sedang membuat istana pasir.", "Ze maakt het mooiste zandkasteel aan de kust.", "Dia membuat istana pasir terindah di pantai."
"Ik vlieg op een magisch tapijt.", "ik vlieg op ayn magisch tapijt", "Saya terbang dengan karpet ajaib.", "Het magische tapijt voert me naar verre landen.", "Karpet ajaib ini membawa saya ke negeri yang jauh."
"We organiseren een buurtfeest.", "we organiseren ayn buurtfeest", "Kami sedang mengadakan pesta kampung.", "Het buurtfeest brengt iedereen samen.", "Pesta kampung ini mengumpulkan semua orang."
"Hij repareert de fiets.", "hy repareert de fiets", "Dia sedang memperbaiki sepeda.", "Hij repareert zijn fiets in de garage.", "Dia memperbaiki sepedanya di garasi."
"Ze plant een moestuin.", "ze plant ayn moestuin", "Dia sedang menanam sayuran.", "Ze houdt ervan om verse groenten uit haar moestuin te eten.", "Dia suka makan sayuran segar dari kebunnya."
"Ik bereid een maaltijd voor.", "ik bereid ayn maaltijd voor", "Saya sedang mempersiapkan makanan.", "Ik kook een heerlijk diner voor ons.", "Saya sedang memasak makan malam yang lezat untuk kita."
"We renoveren het huis.", "we renoveren het huis", "Kami sedang merenovasi rumah.", "We maken plannen om de keuken te renoveren.", "Kami sedang merencanakan untuk merenovasi dapur."
"Hij traint voor de marathon.", "hy traint voor de marathon", "Dia sedang berlatih untuk maraton.", "Hij loopt elke dag om zich op de marathon voor te bereiden.", "Dia berlari setiap hari untuk mempersiapkan diri untuk maraton."
"Ze leert gitaar spelen.", "ze leert gitaar spelen", "Dia sedang belajar bermain gitar.", "Ze neemt gitaarlessen op zaterdag.", "Dia mengambil pelajaran gitar setiap hari Sabtu."
"Ik plan een vakantie.", "ik plan ayn vakantie", "Saya sedang merencanakan liburan.", "Ik ben een reis naar de bergen aan het plannen.", "Saya sedang merencanakan perjalanan ke pegunungan."
"We studeren voor het examen.", "we studeren voor het examen", "Kami sedang belajar untuk ujian.", "We besteden veel tijd aan het herzien van onze aantekeningen voor het examen.", "Kami menghabiskan banyak waktu untuk meninjau catatan kami untuk ujian."
"Hij maakt een wandeling in het park.", "hy maakt ayn wandeling in het park", "Dia sedang berjalan-jalan di taman.", "Hij vindt het heerlijk om 's ochtends vroeg in het park te wandelen.", "Dia sangat suka berjalan-jalan di taman di pagi hari."
"Ze bakt een taart.", "ze bakt ayn taart", "Dia sedang membuat kue.", "Ze bakt een heerlijke chocoladetaart.", "Dia membuat kue coklat yang lezat."
"Ik maak een foto van het landschap.", "ik maak ayn foto van het landschap", "Saya sedang memotret pemandangan.", "Ik probeer de schoonheid van het landschap vast te leggen.", "Saya mencoba menangkap keindahan pemandangan."
"We planten bomen voor het milieu.", "we planten bomen voor het milieu", "Kami sedang menanam pohon untuk lingkungan.", "We planten nieuwe bomen om het bos te herstellen.", "Kami menanam pohon baru untuk memulihkan hutan."
"Hij maakt een afspraak bij de tandarts.", "hy maakt ayn afspraak bij de tandarts", "Dia sedang membuat janji dengan dokter gigi.", "Hij moet een controle afspraak maken bij de tandarts.", "Dia perlu membuat janji untuk pemeriksaan dengan dokter gigi."
"Ik schrijf een boek over mijn reizen.", "ik schrijf ayn boek over mijn reizen", "Saya sedang menulis buku tentang perjalanan saya.", "Ik heb veel interessante ervaringen opgedaan tijdens mijn reizen.", "Saya memiliki banyak pengalaman menarik selama perjalanan saya."
"We starten een bedrijf.", "we starten ayn bedrijf", "Kami sedang memulai bisnis.", "We zijn bezig met het opstellen van een bedrijfsplan.", "Kami sedang membuat rencana bisnis."
"Hij leert programmeren.", "hy leert programmeren", "Dia sedang belajar pemrograman.", "Hij neemt online lessen om te leren programmeren.", "Dia mengambil pelajaran online untuk belajar pemrograman."
"Ze tekent een portret.", "ze tekent ayn portret", "Dia sedang menggambar potret.", "Ze tekent een portret van haar grootmoeder.", "Dia sedang menggambar potret neneknya."
"Ik bereid een presentatie voor.", "ik bereid ayn presentatie voor", "Saya sedang mempersiapkan presentasi.", "Ik werk aan de dia's voor mijn presentatie morgen.", "Saya sedang mengerjakan slide untuk presentasi saya besok."
"We leren een nieuwe taal.", "we leren ayn nieuwe taal", "Kami sedang belajar bahasa baru.", "We gebruiken een app om Spaans te leren.", "Kami menggunakan aplikasi untuk belajar Bahasa Spanyol."
"Hij traint zijn hond.", "hy traint zijn hond", "Dia sedang melatih anjingnya.", "Hij leert zijn hond nieuwe trucs.", "Dia sedang mengajari anjingnya trik baru."
"Ze maakt een wandeling in de natuur.", "ze maakt ayn wandeling in de natuur", "Dia sedang berjalan-jalan di alam.", "Ze houdt ervan om in de bergen te wandelen.", "Dia suka berjalan-jalan di pegunungan."
"Ik bereid een picknick voor.", "ik bereid ayn picknick voor", "Saya sedang mempersiapkan piknik.", "Ik pak een mand vol lekkernijen voor onze picknick.", "Saya mengemas keranjang penuh makanan enak untuk piknik kita."
"We doen boodschappen voor het diner.", "we doen boodschappen voor het diner", "Kami sedang berbelanja untuk makan malam.", "We halen verse groenten en vlees voor het diner.", "Kami membeli sayuran segar dan daging untuk makan malam."
"Hij schildert het huis.", "hy schildert het huis", "Dia sedang mengecat rumah.", "Hij kiest een lichte kleur om het huis te schilderen.", "Dia memilih warna terang untuk mengecat rumah."
"Ze naait een jurk.", "ze naait ayn jurk", "Dia sedang menjahit gaun.", "Ze gebruikt een mooi patroon om een zomerjurk te naaien.", "Dia menggunakan pola yang bagus untuk menjahit gaun musim panas."
"Ik plant bloemen in de tuin.", "ik plant bloemen in de tuin", "Saya sedang menanam bunga di kebun.", "Ik plant tulpen en narcissen in de tuin.", "Saya menanam tulip dan bunga daffodil di kebun."
"We plannen een roadtrip.", "we plannen ayn roadtrip", "Kami sedang merencanakan perjalanan jalan-jalan.", "We zijn een reisroute aan het plannen voor onze zomer roadtrip.", "Kami sedang merencanakan rute perjalanan untuk roadtrip musim panas kita."
"Ze schrijft een gedicht.", "ze schrijft ayn gedicht", "Dia sedang menulis puisi.", "Ze schrijft een gedicht over de lente.", "Dia menulis puisi tentang musim semi."
"Ik fotografeer de stad bij zonsondergang.", "ik fotografeer de stad bij zonsondergang", "Saya sedang memotret kota saat matahari terbenam.", "Ik zoek het perfecte uitzichtpunt om de stad bij zonsondergang te fotograferen.", "Saya mencari titik pandang yang sempurna untuk memotret kota saat matahari terbenam."
"We herstellen een oud meubelstuk.", "we herstellen ayn oud meubelstuk", "Kami sedang memperbaiki sebuah perabotan lama.", "We zijn bezig een antieke stoel opnieuw te bekleden.", "Kami sedang mengecat ulang sebuah kursi antik."
"Hij brouwt zijn eigen bier.", "hy brouwt zijn eigen bier", "Dia sedang membuat birnya sendiri.", "Hij is geobsedeerd door het perfectioneren van zijn huisgebrouwen bier.", "Dia terobsesi dengan menyempurnakan bir buatannya sendiri."
"Ze ontwerpt haar eigen kleding.", "ze ontwerpt haar eigen kleding", "Dia sedang mendesain pakaian sendiri.", "Ze tekent schetsen voor haar nieuwe lente-collectie.", "Dia menggambar sketsa untuk koleksi musim semi barunya."
"Ik organiseer een filmavond thuis.", "ik organiseer ayn filmavond thuis", "Saya sedang mengorganisir malam nonton di rumah.", "Ik ben popcorn aan het maken voor onze filmavond.", "Saya sedang membuat popcorn untuk malam nonton kita."
"Hij plant een verrassingsfeestje voor zijn vriend.", "hy plant ayn verrassingsfeestje voor zijn vriend", "Dia sedang merencanakan pesta kejutan untuk temannya.", "Hij is stiekem uitnodigingen aan het versturen voor het verrassingsfeestje.", "Dia sedang diam-diam mengirimkan undangan untuk pesta kejutan."
"Ze maakt een muurschildering in haar kamer.", "ze maakt ayn muurschildering in haar kamer", "Dia sedang membuat lukisan dinding di kamarnya.", "Ze is bezig met het schilderen van een kleurrijke muurschildering op haar slaapkamermuur.", "Dia sedang melukis mural berwarna-warni di dinding kamarnya."
"Ik bouw een boomhut voor mijn kinderen.", "ik bouw ayn boomhut voor mijn kinderen", "Saya sedang membangun rumah pohon untuk anak-anak saya.", "Ik ben aan het overleggen waar ik het raam in de boomhut wil plaatsen.", "Saya sedang mempertimbangkan di mana saya ingin menempatkan jendela di rumah pohon."
"We houden een kookwedstrijd thuis.", "we houden ayn kookwedstrijd thuis", "Kami sedang mengadakan lomba masak di rumah.", "We zijn bezig met het voorbereiden van ingrediënten voor onze thuis kookwedstrijd.", "Kami sedang menyiapkan bahan-bahan untuk lomba masak di rumah kami."
"Ze schrijft liedjes op haar ukelele.", "ze schrijft liedjes op haar ukelele", "Dia sedang menulis lagu di ukelelenya.", "Ze is een vrolijk deuntje aan het componeren voor haar nieuwste ukelele liedje.", "Dia sedang menciptakan melodi ceria untuk lagu ukelele terbarunya."
"Ik maak een groentetuin in mijn achtertuin.", "ik maak ayn groentetuin in mijn achtertuin", "Saya sedang membuat kebun sayuran di halaman belakang saya.", "Ik ben bezig met het planten van tomatenplanten in mijn nieuwe groentetuin.", "Saya sedang menanam pohon tomat di kebun sayuran baru saya."
"We organiseren een speurtocht voor de buurtkinderen.", "we organiseren ayn speurtocht voor de buurtkinderen", "Kami sedang mengorganisir permainan cari-cari untuk anak-anak sekitar.", "We zijn bezig met het verstoppen van aanwijzingen voor de speurtocht morgen.", "Kami sedang menyembunyikan petunjuk untuk permainan cari-cari besok."
"Hij bouwt een modeltreinbaan.", "hy bouwt ayn modeltreinbaan", "Dia sedang membangun jalur kereta api model.", "Hij is bezig met het schilderen van de miniatuurhuizen voor zijn modeltreinbaan.", "Dia sedang melukis rumah-rumah miniatur untuk jalur kereta api modelnya."
"Ze oefent voor een triatlon.", "ze oefent voor ayn triatlon", "Dia sedang berlatih untuk triatlon.", "Ze is haar zwemtechniek aan het verbeteren voor de komende triatlon.", "Dia sedang memperbaiki teknik renangnya untuk triatlon yang akan datang."
"Ik leer jongleren met drie ballen.", "ik leer jongleren met drie ballen", "Saya sedang belajar jongleren dengan tiga bola.", "Ik ben thuis aan het oefenen om te jongleren zonder de ballen te laten vallen.", "Saya sedang berlatih di rumah untuk jongleren tanpa menjatuhkan bola."
"We houden een barbecue in het park.", "we houden ayn barbecue in het park", "Kami sedang mengadakan barbekyu di taman.", "We zijn bezig met het marineren van vlees voor onze barbecue in het park later.", "Kami sedang merendam daging untuk barbekyu di taman nanti."
"Hij bouwt een zandkasteel aan het strand.", "hy bouwt ayn zandkasteel aan het strand", "Dia sedang membangun istana pasir di pantai.", "Hij gebruikt een schep en emmer om een indrukwekkend zandkasteel te bouwen.", "Dia menggunakan sekop dan ember untuk membangun istana pasir yang mengesankan."
"Ze maakt een scrapbook van haar reisfoto's.", "ze maakt ayn scrapbook van haar reisfoto's", "Dia sedang membuat scrapbook dari foto-foto perjalanannya.", "Ze is bezig met het plakken van foto's en souvenirs in haar reis scrapbook.", "Dia sedang menempelkan foto-foto dan suvenir di scrapbook perjalanannya."
"Ik brouw mijn eigen kombucha.", "ik brouw mijn eigen kombucha", "Saya sedang membuat kombucha sendiri.", "Ik ben bezig met het bottelen van mijn laatste batch zelfgemaakte kombucha.", "Saya sedang mengisi botol dengan batch terakhir kombucha buatan saya."
"We geven een tuinfeest voor onze vrienden.", "we geven ayn tuinfeest voor onze vrienden", "Kami sedang mengadakan pesta kebun untuk teman-teman kami.", "We zijn bezig met het ophangen van lichtjes voor ons tuinfeest vanavond.", "Kami sedang memasang lampu untuk pesta kebun kami malam ini."
"Hij maakt een kajaktocht langs de kust.", "hy maakt ayn kajaktocht langs de kust", "Dia sedang melakukan perjalanan kajak di sepanjang pantai.", "Hij is zijn kajak aan het laden voor een avontuurlijke tocht langs de kust.", "Dia sedang memuat kajaknya untuk perjalanan petualangan di sepanjang pantai."
"Ze geeft yogales in het park.", "ze geeft yogales in het park", "Dia sedang mengajar yoga di taman.", "Ze bereidt een serie asanas voor voor haar buitenyogales vanochtend.", "Dia sedang mempersiapkan serangkaian asana untuk kelas yoga outdoor nya pagi ini."
"Ik bouw een schaalmodel van het zonnestelsel.", "ik bouw ayn schaalmodel van het zonnestelsel", "Saya sedang membangun model skala tata surya.", "Ik ben aan het knutselen om de planeten voor mijn zonnestelselmodel te schilderen.", "Saya sedang menghias untuk melukis planet-planet untuk model tata surya saya."
"We organiseren een talentenjacht op school.", "we organiseren ayn talentenjacht op school", "Kami sedang mengorganisir pertunjukan bakat di sekolah.", "We zijn bezig met het opstellen van de line-up voor de schooltalentenjacht volgende week.", "Kami sedang menyusun daftar urutan penampilan untuk pertunjukan bakat sekolah minggu depan."
"Hij leert goocheltrucs van YouTube.", "hy leert goocheltrucs van YouTube", "Dia sedang belajar trik sulap dari YouTube.", "Hij oefent een kaarttruc die hij op YouTube heeft geleerd.", "Dia sedang mempraktekkan trik kartu yang dia pelajari dari YouTube."
"Ze is een moestuin aan het aanleggen op haar balkon.", "ze is ayn moestuin aan het aanleggen op haar balkon", "Dia sedang membuat kebun sayur di balkonnya.", "Ze plant basilicum en tomaten in potten op haar balkon.", "Dia sedang menanam basil dan tomat di pot di balkonnya."
"Ik leer hoe ik een drone kan vliegen.", "ik leer hoe ik ayn drone kan vliegen", "Saya sedang belajar bagaimana cara menerbangkan drone.", "Ik oefen om mijn drone veilig te landen in het park.", "Saya sedang berlatih mendaratkan drone saya dengan aman di taman."
"We houden een picknick aan de rivieroever.", "we houden ayn picknick aan de rivieroever", "Kami sedang mengadakan piknik di tepi sungai.", "We zijn sandwiches aan het maken voor onze picknick aan de rivieroever.", "Kami sedang membuat sandwich untuk piknik kami di tepi sungai."
"Hij maakt een wandeltocht door het bos.", "hy maakt ayn wandeltocht door het bos", "Dia sedang berjalan kaki melalui hutan.", "Hij is zijn rugzak aan het inpakken voor een lange wandeltocht morgen.", "Dia sedang memasukkan barang-barang ke dalam tas ranselnya untuk perjalanan jauh besok."
"Ze organiseert een fondsenwerving voor een goed doel.", "ze organiseert ayn fondsenwerving voor ayn goed doel", "Dia sedang mengorganisir penggalangan dana untuk amal.", "Ze stuurt uitnodigingen uit voor een liefdadigheidsevenement dat ze volgende maand organiseert.", "Dia sedang mengirimkan undangan untuk acara amal yang dia selenggarakan bulan depan."
"Ik leer flamenco dansen.", "ik leer flamenco dansen", "Saya sedang belajar menari flamenco.", "Ik heb een nieuwe danspas geleerd in mijn flamenco-les gisteravond.", "Saya belajar gerakan dans baru di kelas flamenco saya semalam."
"Hij is een modelvliegtuig aan het bouwen.", "hy is ayn modelvliegtuig aan het bouwen", "Dia sedang membangun model pesawat.", "Hij is bezig met het lijmen van de vleugels op zijn modelvliegtuig.", "Dia sedang mengelem sayap pada model pesawatnya."
"Ze bakt cupcakes voor de schoolbakverkoop.", "ze bakt cupcakes voor de schoolbakverkoop", "Dia sedang memanggang cupcakes untuk penjualan kue sekolah.", "Ze is bezig met het versieren van haar zelfgemaakte cupcakes met glazuur en sprinkles.", "Dia sedang menghias cupcakes buatannya dengan glasur dan taburan."
"Ik leer surfen deze zomer.", "ik leer surfen deze zomer", "Saya sedang belajar selancar musim panas ini.", "Ik ben van plan om elke ochtend te oefenen om op mijn surfplank te staan.", "Saya berencana berlatih setiap pagi untuk berdiri di papan selancar saya."
"We geven een verrassingsfeestje voor onze vriend's verjaardag.", "we geven ayn verrassingsfeestje voor onze vriend's verjaardag", "Kami sedang merencanakan pesta kejutan untuk ulang tahun teman kami.", "We zijn aan het plannen om de woonkamer te versieren terwijl hij op het werk is.", "Kami sedang merencanakan untuk mendekorasi ruang tamu saat dia sedang bekerja."
"Hij gaat bungeejumpen van de brug.", "hy gaat bungeejumpen van de brug", "Dia akan bungee jumping dari jembatan.", "Hij is bezig met het controleren van zijn veiligheidsharnas voordat hij van de brug springt.", "Dia sedang memeriksa harnas keamanannya sebelum melompat dari jembatan."
"Ze doet vrijwilligerswerk bij het dierenasiel.", "ze doet vrijwilligerswerk bij het dierenasiel", "Dia sedang melakukan kerja sukarela di penampungan hewan.", "Ze is aan het helpen om de honden uit te laten bij het lokale dierenasiel.", "Dia sedang membantu mengajak anjing-anjing berjalan-jalan di penampungan hewan setempat."
"Ik leer portretfotografie.", "ik leer portretfotografie", "Saya sedang belajar fotografi potret.", "Ik ben aan het experimenteren met verschillende belichtingstechnieken voor mijn portretfotografie.", "Saya sedang bereksperimen dengan teknik pencahayaan yang berbeda untuk fotografi potret saya."
"We organiseren een filmavond bij ons thuis.", "we organiseren ayn filmavond by ons thuis", "Kami sedang mengorganisir malam nonton film di rumah.", "We zijn aan het kiezen welke films we vanavond gaan bekijken.", "Kami sedang memilih film apa yang akan kami tonton malam ini."
"Hij bouwt een vogelhuisje.", "hy bouwt ayn vogelhuisje", "Dia sedang membangun rumah burung.", "Hij is bezig met het schilderen van het vogelhuisje dat hij zojuist heeft gebouwd.", "Dia sedang melukis rumah burung yang baru saja dia bangun."
"Ze maakt een muurschildering in haar kamer.", "ze maakt ayn muurschildering in haar kamer", "Dia sedang membuat mural di kamarnya.", "Ze is bezig met het schetsen van een ontwerp voor haar nieuwe muurschildering.", "Dia sedang membuat sketsa untuk desain mural baru nya."
"Ik leer hoe ik sushi moet maken.", "ik leer hoe ik sushi moet maken", "Saya sedang belajar bagaimana membuat sushi.", "Ik ben rijst aan het bereiden voor de sushi die ik vanavond ga maken.", "Saya sedang mempersiapkan nasi untuk sushi yang akan saya buat malam ini."
"We doen een trektocht door de bergen.", "we doen ayn trektocht door de bergen", "Kami sedang melakukan trekking di pegunungan.", "We pakken onze rugzakken in voor de driedaagse trektocht die we morgen beginnen.", "Kami sedang memasukkan barang-barang ke dalam tas ransel kami untuk perjalanan trekking tiga hari yang akan kami mulai besok."
"Hij traint voor een marathon.", "hy traint voor ayn marathon", "Dia sedang berlatih untuk maraton.", "Hij loopt elke ochtend lange afstanden om zich voor te bereiden op de marathon.", "Dia berlari jarak jauh setiap pagi untuk mempersiapkan diri untuk maraton."
"Ze bereidt een presentatie voor op het werk.", "ze bereidt ayn presentatie voor op het werk", "Dia sedang mempersiapkan presentasi untuk pekerjaannya.", "Ze is druk bezig met het maken van dia's voor haar werkpresentatie morgen.", "Dia sedang sibuk membuat slide untuk presentasi kerjanya besok."